﻿id,number,date,incident_logger,channel_or_system,incident,time_of_incident,time_of_resolution,root_cause,impact,corrective_action,corrective_action_by,reviewed_by,reviewer_signature,governance_comments,governance_signature,reviewer,im_comments,im_signature,sdm_comments,sdm_signature
1,,2025-08-29,Rodney Chikodzi,Postilion Office,Failed Postilion office backup,2:00,8:30,No Space on J drive,"No Postilion backup, only realtime backup.",Restarted Server to clear old files,Dobe-Jolly,Ashley Charlie,AC,issue resolved,ED,,,,,
2,,2025-03-24,Tinashe Mupariwa,iApprove Uploads,Failure to copy,5:00,9:00,server crash,No backup dumps,Server restore,Courage Bare,Ashley Charlie,AC,Issue resolved,ED,,,,,
4,,2025-07-16,Tinashe Mupariwa,USSD Server,Backups,3:00,15:00,Changed db,No backup dumps,Server Restart,Nyasha Bare,Ashley Charlie,AC,issue resolved,EDM,,,,,
5,NMB-2025-000001,2025-08-30,Tinashe Mupariwa,USSD Server,Server Crash,3:00,15:00,Server Crash,No transactions on USSD,Server Restart,Nyasha Bare,Ashley Charlie,AC,issue resolved,DE,,,,,
6,NMB-2025-000002,2025-07-31,Dobejolly Domboka,USSD Server,Server crashed,1700,1830,Power failure in the Data centre,USSD applications and database,Server Restart,Nyasha Bare,Ashley Charlie,AC,issue resolved,EDM,,,,,
7,NMB-2025-000003,2025-09-01,Tinashe Mupariwa,Billers Server,Backups,3:00,4:00,Changed server environment,No backup dumps,sever restart,Nyasha Bare,Ashley Charlie,AC,issue resolved,ED,,,,,
8,NMB-2025-000004,2025-09-02,Dobejolly Domboka,USSD Server,Server crashed,1700,1830,Power failure in the Data centre,USSD applications and database,Server Restart,Nyasha Bare,Ashley Charlie,AC,"issue resolved, lets get a new server",ED,,,,,
9,NMB-2025-000005,2025-09-20,Service Delivery,USSD,Server Crash,20:50,20:54,No space,No transactions,Deletions,Bare,,,done,dora explo,SDM,,,done,Service Manager
