[
  {
    "id": 1,
    "timestamp": "2025-08-29T20:20:20.150443",
    "username": "admin",
    "action": "LOGIN",
    "entity_type": "User",
    "entity_id": 1,
    "details": "User logged in"
  },
  {
    "id": 2,
    "timestamp": "2025-08-29T20:24:34.169302",
    "username": "admin",
    "action": "CREATE",
    "entity_type": "Incident",
    "entity_id": 1,
    "details": "Incident created by admin"
  },
  {
    "id": 3,
    "timestamp": "2025-08-29T20:27:58.281205",
    "username": "admin",
    "action": "EXPORT",
    "entity_type": "Incident",
    "entity_id": 1,
    "details": "Exported PDF Incident_1.pdf"
  },
  {
    "id": 4,
    "timestamp": "2025-08-29T20:30:48.100846",
    "username": "admin",
    "action": "CREATE",
    "entity_type": "UnauthorizedChange",
    "entity_id": null,
    "details": "Created NMB000001"
  },
  {
    "id": 5,
    "timestamp": "2025-08-29T20:31:43.828285",
    "username": "admin",
    "action": "EXPORT",
    "entity_type": "UnauthorizedChange",
    "entity_id": 1,
    "details": "Exported PDF Unauthorized_NMB000001.pdf"
  },
  {
    "id": 6,
    "timestamp": "2025-08-29T20:54:41.432021",
    "username": "admin",
    "action": "LOGOUT",
    "entity_type": "User",
    "entity_id": 1,
    "details": "User logged out"
  },
  {
    "id": 7,
    "timestamp": "2025-08-29T21:03:50.216043",
    "username": "admin",
    "action": "LOGIN",
    "entity_type": "User",
    "entity_id": 1,
    "details": "User logged in"
  },
  {
    "id": 8,
    "timestamp": "2025-08-29T21:04:42.096349",
    "username": "admin",
    "action": "CREATE",
    "entity_type": "User",
    "entity_id": 2,
    "details": "User arthurm created with role view"
  },
  {
    "id": 9,
    "timestamp": "2025-08-29T21:04:54.117450",
    "username": "admin",
    "action": "LOGOUT",
    "entity_type": "User",
    "entity_id": 1,
    "details": "User logged out"
  },
  {
    "id": 10,
    "timestamp": "2025-08-29T21:05:03.666826",
    "username": "arthurm",
    "action": "LOGIN",
    "entity_type": "User",
    "entity_id": 2,
    "details": "User logged in"
  },
  {
    "id": 11,
    "timestamp": "2025-08-29T21:05:25.927793",
    "username": "arthurm",
    "action": "UPDATE",
    "entity_type": "User",
    "entity_id": 2,
    "details": "Password changed"
  },
  {
    "id": 12,
    "timestamp": "2025-08-29T21:06:19.571852",
    "username": "arthurm",
    "action": "LOGOUT",
    "entity_type": "User",
    "entity_id": 2,
    "details": "User logged out"
  },
  {
    "id": 13,
    "timestamp": "2025-08-29T21:06:21.399420",
    "username": "admin",
    "action": "LOGIN",
    "entity_type": "User",
    "entity_id": 1,
    "details": "User logged in"
  },
  {
    "id": 14,
    "timestamp": "2025-08-29T21:06:52.393155",
    "username": "admin",
    "action": "CREATE",
    "entity_type": "User",
    "entity_id": 3,
    "details": "User dobej created with role admin"
  },
  {
    "id": 15,
    "timestamp": "2025-08-29T21:06:58.959190",
    "username": "admin",
    "action": "LOGOUT",
    "entity_type": "User",
    "entity_id": 1,
    "details": "User logged out"
  },
  {
    "id": 16,
    "timestamp": "2025-08-29T21:07:08.338871",
    "username": "dobej",
    "action": "LOGIN",
    "entity_type": "User",
    "entity_id": 3,
    "details": "User logged in"
  },
  {
    "id": 17,
    "timestamp": "2025-08-29T21:07:21.851152",
    "username": "dobej",
    "action": "UPDATE",
    "entity_type": "User",
    "entity_id": 3,
    "details": "Password changed"
  },
  {
    "id": 18,
    "timestamp": "2025-08-29T21:07:36.367276",
    "username": "dobej",
    "action": "UPDATE",
    "entity_type": "User",
    "entity_id": 2,
    "details": "User disabled"
  },
  {
    "id": 19,
    "timestamp": "2025-08-29T21:08:22.892747",
    "username": "dobej",
    "action": "LOGOUT",
    "entity_type": "User",
    "entity_id": 3,
    "details": "User logged out"
  },
  {
    "id": 20,
    "timestamp": "2025-08-29T21:08:38.432940",
    "username": "admin",
    "action": "LOGIN",
    "entity_type": "User",
    "entity_id": 1,
    "details": "User logged in"
  },
  {
    "id": 21,
    "timestamp": "2025-08-29T21:08:44.834411",
    "username": "admin",
    "action": "UPDATE",
    "entity_type": "User",
    "entity_id": 2,
    "details": "User enabled"
  },
  {
    "id": 22,
    "timestamp": "2025-08-29T21:16:16.647387",
    "username": "admin",
    "action": "LOGOUT",
    "entity_type": "User",
    "entity_id": 1,
    "details": "User logged out"
  },
  {
    "id": 23,
    "timestamp": "2025-08-29T21:16:18.176195",
    "username": "admin",
    "action": "LOGIN",
    "entity_type": "User",
    "entity_id": 1,
    "details": "User logged in"
  },
  {
    "id": 24,
    "timestamp": "2025-08-29T21:16:32.215613",
    "username": "admin",
    "action": "UPDATE",
    "entity_type": "User",
    "entity_id": 2,
    "details": "User disabled"
  },
  {
    "id": 25,
    "timestamp": "2025-08-29T21:17:14.737501",
    "username": "admin",
    "action": "CREATE",
    "entity_type": "User",
    "entity_id": 4,
    "details": "User donm created with role view"
  },
  {
    "id": 26,
    "timestamp": "2025-08-29T21:17:19.402798",
    "username": "admin",
    "action": "LOGOUT",
    "entity_type": "User",
    "entity_id": 1,
    "details": "User logged out"
  },
  {
    "id": 27,
    "timestamp": "2025-08-29T21:17:26.814641",
    "username": "donm",
    "action": "LOGIN",
    "entity_type": "User",
    "entity_id": 4,
    "details": "User logged in"
  },
  {
    "id": 28,
    "timestamp": "2025-08-29T21:17:45.493883",
    "username": "donm",
    "action": "UPDATE",
    "entity_type": "User",
    "entity_id": 4,
    "details": "Password changed"
  },
  {
    "id": 29,
    "timestamp": "2025-08-29T21:42:25.345338",
    "username": "donm",
    "action": "LOGOUT",
    "entity_type": "User",
    "entity_id": 4,
    "details": "donm logged out"
  },
  {
    "id": 30,
    "timestamp": "2025-08-29T21:42:46.048097",
    "username": "admin",
    "action": "LOGIN",
    "entity_type": "User",
    "entity_id": 1,
    "details": "admin logged in"
  },
  {
    "id": 31,
    "timestamp": "2025-08-29T21:43:45.197150",
    "username": "admin",
    "action": "UPDATE",
    "entity_type": "User",
    "entity_id": 4,
    "details": "admin reset password for user donm"
  },
  {
    "id": 32,
    "timestamp": "2025-08-29T21:43:53.188379",
    "username": "admin",
    "action": "UPDATE",
    "entity_type": "User",
    "entity_id": 2,
    "details": "admin enabled user arthurm"
  },
  {
    "id": 33,
    "timestamp": "2025-08-29T21:44:01.134297",
    "username": "admin",
    "action": "LOGOUT",
    "entity_type": "User",
    "entity_id": 1,
    "details": "admin logged out"
  },
  {
    "id": 34,
    "timestamp": "2025-08-29T21:44:13.657241",
    "username": "donm",
    "action": "LOGIN",
    "entity_type": "User",
    "entity_id": 4,
    "details": "donm logged in"
  },
  {
    "id": 35,
    "timestamp": "2025-08-29T21:44:57.812793",
    "username": "donm",
    "action": "UPDATE",
    "entity_type": "User",
    "entity_id": 4,
    "details": "donm changed own password"
  },
  {
    "id": 36,
    "timestamp": "2025-08-29T21:47:01.592243",
    "username": "donm",
    "action": "LOGOUT",
    "entity_type": "User",
    "entity_id": 4,
    "details": "donm logged out"
  },
  {
    "id": 37,
    "timestamp": "2025-08-29T21:47:03.351162",
    "username": "admin",
    "action": "LOGIN",
    "entity_type": "User",
    "entity_id": 1,
    "details": "admin logged in"
  },
  {
    "id": 38,
    "timestamp": "2025-08-29T22:03:23.427643",
    "username": "admin",
    "action": "EXPORT",
    "entity_type": "UnauthorizedChange",
    "entity_id": 1,
    "details": "admin exported PDF Unauthorized_NMB000001.pdf"
  },
  {
    "id": 39,
    "timestamp": "2025-08-29T22:08:23.796075",
    "username": "admin",
    "action": "UPDATE",
    "entity_type": "User",
    "entity_id": 4,
    "details": "admin disabled user donm"
  },
  {
    "id": 40,
    "timestamp": "2025-08-29T22:09:44.584449",
    "username": "admin",
    "action": "EXPORT",
    "entity_type": "UnauthorizedChange",
    "entity_id": 1,
    "details": "admin exported PDF Unauthorized_NMB000001.pdf"
  },
  {
    "id": 41,
    "timestamp": "2025-08-29T22:10:31.611208",
    "username": "admin",
    "action": "EXPORT",
    "entity_type": "Incident",
    "entity_id": 1,
    "details": "admin exported PDF Incident_1.pdf"
  },
  {
    "id": 42,
    "timestamp": "2025-08-29T22:14:04.226180",
    "username": "admin",
    "action": "LOGOUT",
    "entity_type": "User",
    "entity_id": 1,
    "details": "admin logged out"
  },
  {
    "id": 43,
    "timestamp": "2025-08-29T22:17:50.121460",
    "username": "admin",
    "action": "LOGIN",
    "entity_type": "User",
    "entity_id": 1,
    "details": "admin logged in"
  },
  {
    "id": 44,
    "timestamp": "2025-08-29T22:18:27.097582",
    "username": "admin",
    "action": "LOGOUT",
    "entity_type": "User",
    "entity_id": 1,
    "details": "admin logged out"
  },
  {
    "id": 45,
    "timestamp": "2025-08-29T22:18:36.054960",
    "username": "dobej",
    "action": "LOGIN",
    "entity_type": "User",
    "entity_id": 3,
    "details": "dobej logged in"
  },
  {
    "id": 46,
    "timestamp": "2025-08-29T22:35:11.750045",
    "username": "dobej",
    "action": "CREATE",
    "entity_type": "Incident",
    "entity_id": 2,
    "details": "dobej created incident #2"
  },
  {
    "id": 47,
    "timestamp": "2025-08-29T22:35:43.792370",
    "username": "dobej",
    "action": "UPDATE",
    "entity_type": "User",
    "entity_id": 4,
    "details": "dobej enabled user donm"
  },
  {
    "id": 48,
    "timestamp": "2025-08-29T22:36:08.175943",
    "username": "dobej",
    "action": "LOGOUT",
    "entity_type": "User",
    "entity_id": 3,
    "details": "dobej logged out"
  },
  {
    "id": 49,
    "timestamp": "2025-08-30T05:34:38.317408",
    "username": "admin",
    "action": "LOGIN",
    "entity_type": "User",
    "entity_id": 1,
    "details": "admin logged in"
  },
  {
    "id": 50,
    "timestamp": "2025-08-30T07:35:30.677379",
    "username": "admin",
    "action": "LOGOUT",
    "entity_type": "User",
    "entity_id": 1,
    "details": "admin logged out"
  },
  {
    "id": 51,
    "timestamp": "2025-08-30T07:35:43.174534",
    "username": "anonymous",
    "action": "LOCK",
    "entity_type": "User",
    "entity_id": 2,
    "details": "arthurm locked after 3 failed attempts"
  },
  {
    "id": 52,
    "timestamp": "2025-08-30T07:35:49.076643",
    "username": "admin",
    "action": "LOGIN",
    "entity_type": "User",
    "entity_id": 1,
    "details": "admin logged in"
  },
  {
    "id": 53,
    "timestamp": "2025-08-30T07:37:15.714070",
    "username": "admin",
    "action": "CREATE",
    "entity_type": "User",
    "entity_id": 5,
    "details": "admin created user dorae with role gm"
  },
  {
    "id": 54,
    "timestamp": "2025-08-30T07:37:31.991663",
    "username": "admin",
    "action": "LOGOUT",
    "entity_type": "User",
    "entity_id": 1,
    "details": "admin logged out"
  },
  {
    "id": 55,
    "timestamp": "2025-08-30T07:37:41.573750",
    "username": "dorae",
    "action": "LOGIN",
    "entity_type": "User",
    "entity_id": 5,
    "details": "dorae logged in"
  },
  {
    "id": 56,
    "timestamp": "2025-08-30T07:38:03.911309",
    "username": "dorae",
    "action": "UPDATE",
    "entity_type": "User",
    "entity_id": 5,
    "details": "dorae changed own password"
  },
  {
    "id": 57,
    "timestamp": "2025-08-30T07:38:33.531099",
    "username": "dorae",
    "action": "UPDATE",
    "entity_type": "Incident",
    "entity_id": 1,
    "details": "dorae updated governance on incident #1"
  },
  {
    "id": 58,
    "timestamp": "2025-08-30T07:38:50.253935",
    "username": "dorae",
    "action": "EXPORT",
    "entity_type": "Incident",
    "entity_id": 1,
    "details": "dorae exported PDF Incident_1.pdf"
  },
  {
    "id": 59,
    "timestamp": "2025-08-30T08:57:54.981893",
    "username": "dorae",
    "action": "LOGOUT",
    "entity_type": "User",
    "entity_id": 5,
    "details": "dorae logged out"
  },
  {
    "id": 60,
    "timestamp": "2025-08-30T08:57:56.549458",
    "username": "admin",
    "action": "LOGIN",
    "entity_type": "User",
    "entity_id": 1,
    "details": "admin logged in"
  },
  {
    "id": 61,
    "timestamp": "2025-08-30T11:43:31.471346",
    "username": "admin",
    "action": "LOGOUT",
    "entity_type": "User",
    "entity_id": 1,
    "details": "admin logged out"
  },
  {
    "id": 62,
    "timestamp": "2025-08-30T11:43:32.874732",
    "username": "admin",
    "action": "LOGIN",
    "entity_type": "User",
    "entity_id": 1,
    "details": "admin logged in"
  },
  {
    "id": 63,
    "timestamp": "2025-08-30T11:44:54.699459",
    "username": "admin",
    "action": "LOGOUT",
    "entity_type": "User",
    "entity_id": 1,
    "details": "admin logged out"
  },
  {
    "id": 64,
    "timestamp": "2025-08-30T11:45:06.948945",
    "username": "dorae",
    "action": "LOGIN",
    "entity_type": "User",
    "entity_id": 5,
    "details": "dorae logged in"
  },
  {
    "id": 65,
    "timestamp": "2025-08-30T11:46:38.881719",
    "username": "dorae",
    "action": "UPDATE",
    "entity_type": "Incident",
    "entity_id": 1,
    "details": "dorae updated governance on incident #1"
  },
  {
    "id": 66,
    "timestamp": "2025-08-30T11:47:53.234357",
    "username": "dorae",
    "action": "LOGOUT",
    "entity_type": "User",
    "entity_id": 5,
    "details": "dorae logged out"
  },
  {
    "id": 67,
    "timestamp": "2025-08-30T11:48:16.014735",
    "username": "donm",
    "action": "LOGIN",
    "entity_type": "User",
    "entity_id": 4,
    "details": "donm logged in"
  },
  {
    "id": 68,
    "timestamp": "2025-08-30T12:08:04.714024",
    "username": "donm",
    "action": "EXPORT",
    "entity_type": "UnauthorizedChange",
    "entity_id": 1,
    "details": "donm exported PDF Unauthorized_NMB000001.pdf"
  },
  {
    "id": 69,
    "timestamp": "2025-08-30T12:24:37.702842",
    "username": "donm",
    "action": "LOGOUT",
    "entity_type": "User",
    "entity_id": 4,
    "details": "donm logged out"
  },
  {
    "id": 70,
    "timestamp": "2025-08-30T12:24:39.256868",
    "username": "admin",
    "action": "LOGIN",
    "entity_type": "User",
    "entity_id": 1,
    "details": "admin logged in"
  },
  {
    "id": 71,
    "timestamp": "2025-08-30T12:29:19.879397",
    "username": "admin",
    "action": "CREATE",
    "entity_type": "Incident",
    "entity_id": 3,
    "details": "admin created incident #3"
  },
  {
    "id": 72,
    "timestamp": "2025-08-30T12:29:30.250484",
    "username": "admin",
    "action": "EXPORT",
    "entity_type": "Incident",
    "entity_id": 2,
    "details": "admin exported PDF Incident_2.pdf"
  },
  {
    "id": 73,
    "timestamp": "2025-08-30T12:29:59.282401",
    "username": "admin",
    "action": "EXPORT",
    "entity_type": "Incident",
    "entity_id": 3,
    "details": "admin exported PDF Incident_3.pdf"
  },
  {
    "id": 74,
    "timestamp": "2025-08-30T12:30:30.270594",
    "username": "admin",
    "action": "LOGOUT",
    "entity_type": "User",
    "entity_id": 1,
    "details": "admin logged out"
  },
  {
    "id": 75,
    "timestamp": "2025-08-30T12:30:47.553492",
    "username": "dorae",
    "action": "LOGIN",
    "entity_type": "User",
    "entity_id": 5,
    "details": "dorae logged in"
  },
  {
    "id": 76,
    "timestamp": "2025-08-30T12:44:54.547957",
    "username": "dorae",
    "action": "LOGOUT",
    "entity_type": "User",
    "entity_id": 5,
    "details": "dorae logged out"
  },
  {
    "id": 77,
    "timestamp": "2025-08-30T12:44:56.196540",
    "username": "admin",
    "action": "LOGIN",
    "entity_type": "User",
    "entity_id": 1,
    "details": "admin logged in"
  },
  {
    "id": 78,
    "timestamp": "2025-08-30T12:45:00.791745",
    "username": "admin",
    "action": "EXPORT",
    "entity_type": "Incident",
    "entity_id": 3,
    "details": "admin exported PDF Incident_3.pdf"
  },
  {
    "id": 79,
    "timestamp": "2025-08-30T12:45:16.753397",
    "username": "admin",
    "action": "EXPORT",
    "entity_type": "Incident",
    "entity_id": 3,
    "details": "admin exported PDF Incident_3.pdf"
  },
  {
    "id": 80,
    "timestamp": "2025-08-30T12:45:30.697295",
    "username": "admin",
    "action": "EXPORT",
    "entity_type": "Incident",
    "entity_id": 3,
    "details": "admin exported PDF Incident_3.pdf"
  },
  {
    "id": 81,
    "timestamp": "2025-08-30T12:45:33.084287",
    "username": "admin",
    "action": "EXPORT",
    "entity_type": "Incident",
    "entity_id": 1,
    "details": "admin exported PDF Incident_1.pdf"
  },
  {
    "id": 82,
    "timestamp": "2025-08-30T12:50:15.505344",
    "username": "admin",
    "action": "CREATE",
    "entity_type": "Incident",
    "entity_id": 4,
    "details": "admin created incident #4"
  },
  {
    "id": 83,
    "timestamp": "2025-08-30T12:50:30.943376",
    "username": "admin",
    "action": "EXPORT",
    "entity_type": "Incident",
    "entity_id": 4,
    "details": "admin exported PDF Incident_4.pdf"
  },
  {
    "id": 84,
    "timestamp": "2025-08-30T12:51:26.182290",
    "username": "admin",
    "action": "LOGOUT",
    "entity_type": "User",
    "entity_id": 1,
    "details": "admin logged out"
  },
  {
    "id": 85,
    "timestamp": "2025-08-30T12:51:38.016095",
    "username": "dorae",
    "action": "LOGIN",
    "entity_type": "User",
    "entity_id": 5,
    "details": "dorae logged in"
  },
  {
    "id": 86,
    "timestamp": "2025-08-30T12:51:55.246889",
    "username": "dorae",
    "action": "UPDATE",
    "entity_type": "Incident",
    "entity_id": 4,
    "details": "dorae updated INCIDENT governance #4"
  },
  {
    "id": 87,
    "timestamp": "2025-08-30T12:52:11.406830",
    "username": "dorae",
    "action": "EXPORT",
    "entity_type": "Incident",
    "entity_id": 4,
    "details": "dorae exported PDF Incident_4.pdf"
  },
  {
    "id": 88,
    "timestamp": "2025-08-30T12:57:52.177673",
    "username": "dorae",
    "action": "LOGOUT",
    "entity_type": "User",
    "entity_id": 5,
    "details": "dorae logged out"
  },
  {
    "id": 89,
    "timestamp": "2025-08-30T12:57:54.420472",
    "username": "admin",
    "action": "LOGIN",
    "entity_type": "User",
    "entity_id": 1,
    "details": "admin logged in"
  },
  {
    "id": 90,
    "timestamp": "2025-08-30T12:58:28.655124",
    "username": "admin",
    "action": "DELETE",
    "entity_type": "Incident",
    "entity_id": 3,
    "details": "admin deleted incident #3"
  }
]