[
  {
    "id": 1,
    "created_at": "2025-08-29T20:24:34.166816",
    "status": "Open",
    "date": "2025-08-29",
    "incident_logger": "Rodney Chikodzi",
    "channel_or_system": "Postilion Office",
    "incident": "Failed Postilion office backup",
    "time_of_incident": "2:00",
    "time_of_resolution": "8:30",
    "root_cause": "No Space on J drive",
    "impact": "No Postilion backup, only realtime backup.",
    "corrective_action": "Restarted Server to clear old files",
    "corrective_action_by": "Dobe-Jolly",
    "reviewed_by": "Ashley Charlie",
    "reviewer_signature": "AC",
    "governance_comments": "issue resolved",
    "governance_signature": "ED"
  },
  {
    "id": 2,
    "created_at": "2025-08-29T22:35:11.746491",
    "status": "Open",
    "date": "2025-03-24",
    "incident_logger": "Tinashe Mupariwa",
    "channel_or_system": "iApprove Uploads",
    "incident": "Failure to copy",
    "time_of_incident": "5:00",
    "time_of_resolution": "9:00",
    "root_cause": "server crash",
    "impact": "No backup dumps",
    "corrective_action": "Server restore",
    "corrective_action_by": "Courage Bare",
    "reviewed_by": "Ashley Charlie",
    "reviewer_signature": "AC",
    "governance_comments": "Issue resolved",
    "governance_signature": "ED"
  },
  {
    "id": 4,
    "created_at": "2025-08-30T12:50:15.502312",
    "status": "Open",
    "date": "2025-07-16",
    "incident_logger": "Tinashe Mupariwa",
    "channel_or_system": "USSD Server",
    "incident": "Backups",
    "time_of_incident": "3:00",
    "time_of_resolution": "15:00",
    "root_cause": "Changed db",
    "impact": "No backup dumps",
    "corrective_action": "Server Restart",
    "corrective_action_by": "Nyasha Bare",
    "reviewed_by": "Ashley Charlie",
    "reviewer_signature": "AC",
    "governance_comments": "issue resolved",
    "governance_signature": "EDM"
  }
]