[
  {
    "id": 1,
    "created_at": "2025-08-29T20:30:48.104113",
    "number": "NMB000001",
    "status": "Open",
    "date": "2025-08-29",
    "system": "IDCCOB",
    "incident": "During post-deployment support for the Treasury module, users encountered an issue with CIF authorization on IDCCOB. We raised a ticket with the vendor last week, requesting their assistance in resolving the problem. However, immediate support was not provided, and as the weekend approached, the issue remained unresolved. To expedite the resolution, I followed up with the vendor on the morning of Monday, April 14th, seeking further clarification and a solution. As a result, the vendor provided me with a fix that successfully addressed the issue. Before deploying the fix, I prepared the necessary backups and then implemented the solution, moving it from UAT02 to the live environment without necessary approvals.",
    "time_occurred": "7:30 am",
    "root_cause": "The deployment was necessitated by an incident in which CIF authorization was failing on IDCCOB after treasury module deployed, resulting in the error message \"Technical Exception Occurred.\"",
    "impact": "Users were unable to access IDCCOB and there was disruptions in transaction settlement.",
    "correction_taken": "A rollback was performed using the backups created prior to the deployment.",
    "completed_by": "Tinashe Mupariwa",
    "completed_by_title": "Business Support Analyst",
    "completed_by_signature": "TMupariwa",
    "section_manager": "Ashley Charlie",
    "section_manager_signature": "AC",
    "governance_manager": "Ernest",
    "governance_manager_signature": "ED",
    "hod": "Artwell",
    "hod_signature": "AM"
  }
]